{"name":"eQube-MI","version":"6.0.1","artifacts":{"PROJECT":[{"name":"PRC_training_project","version":"6.0.1"}],"TM_MAP":[{"name":"PRC_m2_Samplepart_Odata_Map","version":"6.0.1"},{"name":"PRC_m2_txt_to_json_map","version":"6.0.1"},{"name":"PRC_OData_TC_JSON_Map","version":"6.0.1"},{"name":"PRC_m3_Update_Map","version":"6.0.1"},{"name":"PRC_m1_reqmnt_excel_to_db_Map","version":"6.0.1"},{"name":"PRC_m1_parts_error_handling_Map","version":"6.0.1"},{"name":"ODATA_json","version":"6.0.1"},{"name":"Map_Test","version":"6.0.1"},{"name":"PRC_m1_db_excel_part_material_view_Map","version":"6.0.1"},{"name":"PRC_Release_Revise_Map","version":"6.0.1"},{"name":"PRC_ODATA_json_Map","version":"6.0.1"},{"name":"PRC_Excel_TC_Map","version":"6.0.1"},{"name":"PRC_m2_json_data_model","version":"6.0.1"},{"name":"PRC_part_partrev_textfile_to_tc_Map","version":"6.0.1"},{"name":"PRC_OData_TC_JSON_Model","version":"6.0.1"},{"name":"PRC_m2_part_partrev_textfile_to_json_model","version":"6.0.1"},{"name":"PRC_m1_docs_excel_to_db_explicit_rel_Map","version":"6.0.1"},{"name":"PRC_m2_part_partrev_textfile_to_json_Map","version":"6.0.1"},{"name":"PRC_m2_Samplepart_Odata_json_Model","version":"6.0.1"},{"name":"PRC_Revise_Map","version":"6.0.1"},{"name":"PRC_m1_docs_excel_to_db_update_title_Map","version":"6.0.1"}],"PROCESS":[{"name":"PRC_m3_Update_Process","version":"6.0.1"},{"name":"PRC_m2_txt_to_json_model_process","version":"6.0.1"},{"name":"PRC_m1_parts_error_handling_Process","version":"6.0.1"},{"name":"PRC_m1_docs_excel_to_db_update_title_Process","version":"6.0.1"},{"name":"PRC_part_partrev_textfile_to_tcProcess","version":"6.0.1"},{"name":"PRC_m2_Samplepart_Odata_Process","version":"6.0.1"},{"name":"PRC_hello_world_process","version":"6.0.1"},{"name":"PRC_m2_part_partrev_textfile_to_json_Process","version":"6.0.1"},{"name":"PRC_Excel_TC_Process","version":"6.0.1"},{"name":"PRC_Release_Revise_Process","version":"6.0.1"},{"name":"PRC_OData_TC_JSON_Process","version":"6.0.1"},{"name":"PRC_m1_reqmnt_excel_to_db_Process","version":"6.0.1"},{"name":"PRC_m1_db_excel_part_material_view_Process","version":"6.0.1"},{"name":"PRC_Exercise_Process","version":"6.0.1"},{"name":"ODATA_json_Process","version":"6.0.1"},{"name":"PRC_m1_docs_excel_to_db_explicit_rel_Process","version":"6.0.1"}],"MODEL":[{"name":"Text connection","version":"6.0.1"}],"VIEW":[{"name":"PRC_m1_db_excel_part_material_view","version":"6.0.1"}],"SERVICE_MAPPING":[{"name":"OData_Json","version":"6.0.1"},{"name":"PRC_m2_part_textfile_to_json_model_rest_api","version":"6.0.1"}],"TRIGGERCONF":[{"name":"PRC_m3_Update_Trigger","version":"6.0.1"},{"name":"PRC_m1_parts_error_handling_trigger","version":"6.0.1"},{"name":"PRC_m2_part_partrev_textfile_to_json_Process_JS_Trigger","version":"6.0.1"},{"name":"PRC_m1_docs_excel_to_db_explicit_rel_trigger","version":"6.0.1"},{"name":"PRC_m1_docs_excel_to_db_update_title_trigger","version":"6.0.1"},{"name":"PRC_Excel_TC_Trigger","version":"6.0.1"},{"name":"PRC_hello_world_trigger","version":"6.0.1"},{"name":"PRC_part_partrev_textfile_to_tc_trigger","version":"6.0.1"},{"name":"PRC_m1_db_excel_part_material_view_trigger","version":"6.0.1"},{"name":"PRC_m1_reqmnt_excel_to_db_trigger","version":"6.0.1"},{"name":"PRC_Release_Revise_Trigger","version":"6.0.1"}]}}