<?xml version="1.0" encoding="UTF-8" standalone="yes"?>
<Export type="METAINFO" version="eQube®-MI  6.0.1">
    <entities>
        <entity>
            <entityIdentifier>
                <name>Root</name>
            </entityIdentifier>
            <entityReferences>
                <entityIdentifier>
                    <id>27</id>
                    <name>PRC_training_project</name>
                    <type>PROJECT</type>
                </entityIdentifier>
            </entityReferences>
        </entity>
        <entity>
            <entityIdentifier>
                <id>828</id>
                <name>PRC_m1_docs_excel_to_db_update_title_Map</name>
                <type>TM_MAP</type>
            </entityIdentifier>
            <entityReferences/>
        </entity>
        <entity>
            <entityIdentifier>
                <id>1080</id>
                <name>PRC_ODATA_json_Map</name>
                <type>TM_MAP</type>
            </entityIdentifier>
            <entityReferences/>
        </entity>
        <entity>
            <entityIdentifier>
                <id>557</id>
                <name>PRC_m1_docs_excel_to_db_update_title_Process</name>
                <type>PROCESS</type>
            </entityIdentifier>
            <entityReferences>
                <entityIdentifier>
                    <id>828</id>
                    <name>PRC_m1_docs_excel_to_db_update_title_Map</name>
                    <type>TM_MAP</type>
                </entityIdentifier>
                <entityIdentifier>
                    <id>293</id>
                    <name>PRC_m1_docs_excel_to_db_explicit_rel_trigger</name>
                    <type>TRIGGERCONF</type>
                </entityIdentifier>
            </entityReferences>
        </entity>
        <entity>
            <entityIdentifier>
                <id>404</id>
                <name>PRC_part_partrev_textfile_to_tc_trigger</name>
                <type>TRIGGERCONF</type>
            </entityIdentifier>
            <entityReferences/>
        </entity>
        <entity>
            <entityIdentifier>
                <id>1122</id>
                <name>PRC_Release_Revise_Map</name>
                <type>TM_MAP</type>
            </entityIdentifier>
            <entityReferences/>
        </entity>
        <entity>
            <entityIdentifier>
                <id>721</id>
                <name>PRC_OData_TC_JSON_Process</name>
                <type>PROCESS</type>
            </entityIdentifier>
            <entityReferences>
                <entityIdentifier>
                    <id>1106</id>
                    <name>PRC_OData_TC_JSON_Map</name>
                    <type>TM_MAP</type>
                </entityIdentifier>
            </entityReferences>
        </entity>
        <entity>
            <entityIdentifier>
                <id>920</id>
                <name>PRC_m2_Samplepart_Odata_Map</name>
                <type>TM_MAP</type>
            </entityIdentifier>
            <entityReferences/>
        </entity>
        <entity>
            <entityIdentifier>
                <id>843</id>
                <name>PRC_m1_parts_error_handling_Map</name>
                <type>TM_MAP</type>
            </entityIdentifier>
            <entityReferences/>
        </entity>
        <entity>
            <entityIdentifier>
                <id>387</id>
                <name>PRC_m3_Update_Trigger</name>
                <type>TRIGGERCONF</type>
            </entityIdentifier>
            <entityReferences/>
        </entity>
        <entity>
            <entityIdentifier>
                <id>2</id>
                <name>Text connection</name>
                <type>MODEL</type>
            </entityIdentifier>
            <entityReferences/>
        </entity>
        <entity>
            <entityIdentifier>
                <id>1106</id>
                <name>PRC_OData_TC_JSON_Map</name>
                <type>TM_MAP</type>
            </entityIdentifier>
            <entityReferences/>
        </entity>
        <entity>
            <entityIdentifier>
                <id>336</id>
                <name>PRC_m1_db_excel_part_material_view_trigger</name>
                <type>TRIGGERCONF</type>
            </entityIdentifier>
            <entityReferences/>
        </entity>
        <entity>
            <entityIdentifier>
                <id>710</id>
                <name>Map_Test</name>
                <type>TM_MAP</type>
            </entityIdentifier>
            <entityReferences/>
        </entity>
        <entity>
            <entityIdentifier>
                <id>683</id>
                <name>PRC_part_partrev_textfile_to_tcProcess</name>
                <type>PROCESS</type>
            </entityIdentifier>
            <entityReferences>
                <entityIdentifier>
                    <id>404</id>
                    <name>PRC_part_partrev_textfile_to_tc_trigger</name>
                    <type>TRIGGERCONF</type>
                </entityIdentifier>
                <entityIdentifier>
                    <id>1024</id>
                    <name>PRC_part_partrev_textfile_to_tc_Map</name>
                    <type>TM_MAP</type>
                </entityIdentifier>
            </entityReferences>
        </entity>
        <entity>
            <entityIdentifier>
                <id>372</id>
                <name>PRC_m2_part_partrev_textfile_to_json_Process_JS_Trigger</name>
                <type>TRIGGERCONF</type>
            </entityIdentifier>
            <entityReferences/>
        </entity>
        <entity>
            <entityIdentifier>
                <id>710</id>
                <name>ODATA_json_Process</name>
                <type>PROCESS</type>
            </entityIdentifier>
            <entityReferences>
                <entityIdentifier>
                    <id>1080</id>
                    <name>PRC_ODATA_json_Map</name>
                    <type>TM_MAP</type>
                </entityIdentifier>
            </entityReferences>
        </entity>
        <entity>
            <entityIdentifier>
                <id>889</id>
                <name>PRC_m2_json_data_model</name>
                <type>TM_MAP</type>
            </entityIdentifier>
            <entityReferences/>
        </entity>
        <entity>
            <entityIdentifier>
                <id>30</id>
                <name>PRC_m1_db_excel_part_material_view</name>
                <type>VIEW</type>
            </entityIdentifier>
            <entityReferences/>
        </entity>
        <entity>
            <entityIdentifier>
                <id>27</id>
                <name>PRC_training_project</name>
                <type>PROJECT</type>
            </entityIdentifier>
            <entityReferences>
                <entityIdentifier>
                    <id>828</id>
                    <name>PRC_m1_docs_excel_to_db_update_title_Map</name>
                    <type>TM_MAP</type>
                </entityIdentifier>
                <entityIdentifier>
                    <id>1080</id>
                    <name>PRC_ODATA_json_Map</name>
                    <type>TM_MAP</type>
                </entityIdentifier>
                <entityIdentifier>
                    <id>557</id>
                    <name>PRC_m1_docs_excel_to_db_update_title_Process</name>
                    <type>PROCESS</type>
                </entityIdentifier>
                <entityIdentifier>
                    <id>404</id>
                    <name>PRC_part_partrev_textfile_to_tc_trigger</name>
                    <type>TRIGGERCONF</type>
                </entityIdentifier>
                <entityIdentifier>
                    <id>1122</id>
                    <name>PRC_Release_Revise_Map</name>
                    <type>TM_MAP</type>
                </entityIdentifier>
                <entityIdentifier>
                    <id>721</id>
                    <name>PRC_OData_TC_JSON_Process</name>
                    <type>PROCESS</type>
                </entityIdentifier>
                <entityIdentifier>
                    <id>920</id>
                    <name>PRC_m2_Samplepart_Odata_Map</name>
                    <type>TM_MAP</type>
                </entityIdentifier>
                <entityIdentifier>
                    <id>843</id>
                    <name>PRC_m1_parts_error_handling_Map</name>
                    <type>TM_MAP</type>
                </entityIdentifier>
                <entityIdentifier>
                    <id>387</id>
                    <name>PRC_m3_Update_Trigger</name>
                    <type>TRIGGERCONF</type>
                </entityIdentifier>
                <entityIdentifier>
                    <id>1106</id>
                    <name>PRC_OData_TC_JSON_Map</name>
                    <type>TM_MAP</type>
                </entityIdentifier>
                <entityIdentifier>
                    <id>336</id>
                    <name>PRC_m1_db_excel_part_material_view_trigger</name>
                    <type>TRIGGERCONF</type>
                </entityIdentifier>
                <entityIdentifier>
                    <id>710</id>
                    <name>Map_Test</name>
                    <type>TM_MAP</type>
                </entityIdentifier>
                <entityIdentifier>
                    <id>683</id>
                    <name>PRC_part_partrev_textfile_to_tcProcess</name>
                    <type>PROCESS</type>
                </entityIdentifier>
                <entityIdentifier>
                    <id>372</id>
                    <name>PRC_m2_part_partrev_textfile_to_json_Process_JS_Trigger</name>
                    <type>TRIGGERCONF</type>
                </entityIdentifier>
                <entityIdentifier>
                    <id>710</id>
                    <name>ODATA_json_Process</name>
                    <type>PROCESS</type>
                </entityIdentifier>
                <entityIdentifier>
                    <id>889</id>
                    <name>PRC_m2_json_data_model</name>
                    <type>TM_MAP</type>
                </entityIdentifier>
                <entityIdentifier>
                    <id>30</id>
                    <name>PRC_m1_db_excel_part_material_view</name>
                    <type>VIEW</type>
                </entityIdentifier>
                <entityIdentifier>
                    <id>415</id>
                    <name>PRC_Excel_TC_Trigger</name>
                    <type>TRIGGERCONF</type>
                </entityIdentifier>
                <entityIdentifier>
                    <id>1036</id>
                    <name>PRC_Excel_TC_Map</name>
                    <type>TM_MAP</type>
                </entityIdentifier>
                <entityIdentifier>
                    <id>493</id>
                    <name>PRC_hello_world_process</name>
                    <type>PROCESS</type>
                </entityIdentifier>
                <entityIdentifier>
                    <id>997</id>
                    <name>PRC_m3_Update_Map</name>
                    <type>TM_MAP</type>
                </entityIdentifier>
                <entityIdentifier>
                    <id>1024</id>
                    <name>PRC_part_partrev_textfile_to_tc_Map</name>
                    <type>TM_MAP</type>
                </entityIdentifier>
                <entityIdentifier>
                    <id>648</id>
                    <name>PRC_m2_part_partrev_textfile_to_json_Process</name>
                    <type>PROCESS</type>
                </entityIdentifier>
                <entityIdentifier>
                    <id>930</id>
                    <name>PRC_m2_part_partrev_textfile_to_json_model</name>
                    <type>TM_MAP</type>
                </entityIdentifier>
                <entityIdentifier>
                    <id>293</id>
                    <name>PRC_m1_docs_excel_to_db_explicit_rel_trigger</name>
                    <type>TRIGGERCONF</type>
                </entityIdentifier>
                <entityIdentifier>
                    <id>624</id>
                    <name>PRC_m2_Samplepart_Odata_Process</name>
                    <type>PROCESS</type>
                </entityIdentifier>
                <entityIdentifier>
                    <id>515</id>
                    <name>PRC_m1_reqmnt_excel_to_db_Process</name>
                    <type>PROCESS</type>
                </entityIdentifier>
                <entityIdentifier>
                    <id>551</id>
                    <name>PRC_m1_docs_excel_to_db_explicit_rel_Process</name>
                    <type>PROCESS</type>
                </entityIdentifier>
                <entityIdentifier>
                    <id>1823</id>
                    <name>PRC_m2_part_textfile_to_json_model_rest_api</name>
                    <type>SERVICE_MAPPING</type>
                </entityIdentifier>
                <entityIdentifier>
                    <id>879</id>
                    <name>PRC_m1_db_excel_part_material_view_Map</name>
                    <type>TM_MAP</type>
                </entityIdentifier>
                <entityIdentifier>
                    <id>273</id>
                    <name>PRC_m1_reqmnt_excel_to_db_trigger</name>
                    <type>TRIGGERCONF</type>
                </entityIdentifier>
                <entityIdentifier>
                    <id>247</id>
                    <name>PRC_hello_world_trigger</name>
                    <type>TRIGGERCONF</type>
                </entityIdentifier>
                <entityIdentifier>
                    <id>1114</id>
                    <name>PRC_OData_TC_JSON_Model</name>
                    <type>TM_MAP</type>
                </entityIdentifier>
                <entityIdentifier>
                    <id>1079</id>
                    <name>ODATA_json</name>
                    <type>TM_MAP</type>
                </entityIdentifier>
                <entityIdentifier>
                    <id>769</id>
                    <name>PRC_m1_reqmnt_excel_to_db_Map</name>
                    <type>TM_MAP</type>
                </entityIdentifier>
                <entityIdentifier>
                    <id>662</id>
                    <name>PRC_m3_Update_Process</name>
                    <type>PROCESS</type>
                </entityIdentifier>
                <entityIdentifier>
                    <id>449</id>
                    <name>PRC_Release_Revise_Trigger</name>
                    <type>TRIGGERCONF</type>
                </entityIdentifier>
                <entityIdentifier>
                    <id>690</id>
                    <name>PRC_Excel_TC_Process</name>
                    <type>PROCESS</type>
                </entityIdentifier>
                <entityIdentifier>
                    <id>968</id>
                    <name>PRC_m2_Samplepart_Odata_json_Model</name>
                    <type>TM_MAP</type>
                </entityIdentifier>
                <entityIdentifier>
                    <id>1137</id>
                    <name>PRC_Revise_Map</name>
                    <type>TM_MAP</type>
                </entityIdentifier>
                <entityIdentifier>
                    <id>607</id>
                    <name>PRC_m1_db_excel_part_material_view_Process</name>
                    <type>PROCESS</type>
                </entityIdentifier>
                <entityIdentifier>
                    <id>969</id>
                    <name>PRC_m2_txt_to_json_map</name>
                    <type>TM_MAP</type>
                </entityIdentifier>
                <entityIdentifier>
                    <id>819</id>
                    <name>PRC_m1_docs_excel_to_db_explicit_rel_Map</name>
                    <type>TM_MAP</type>
                </entityIdentifier>
                <entityIdentifier>
                    <id>2066</id>
                    <name>OData_Json</name>
                    <type>SERVICE_MAPPING</type>
                </entityIdentifier>
                <entityIdentifier>
                    <id>317</id>
                    <name>PRC_m1_parts_error_handling_trigger</name>
                    <type>TRIGGERCONF</type>
                </entityIdentifier>
                <entityIdentifier>
                    <id>986</id>
                    <name>PRC_m2_part_partrev_textfile_to_json_Map</name>
                    <type>TM_MAP</type>
                </entityIdentifier>
                <entityIdentifier>
                    <id>301</id>
                    <name>PRC_m1_docs_excel_to_db_update_title_trigger</name>
                    <type>TRIGGERCONF</type>
                </entityIdentifier>
                <entityIdentifier>
                    <id>618</id>
                    <name>PRC_m2_txt_to_json_model_process</name>
                    <type>PROCESS</type>
                </entityIdentifier>
                <entityIdentifier>
                    <id>574</id>
                    <name>PRC_m1_parts_error_handling_Process</name>
                    <type>PROCESS</type>
                </entityIdentifier>
                <entityIdentifier>
                    <id>728</id>
                    <name>PRC_Release_Revise_Process</name>
                    <type>PROCESS</type>
                </entityIdentifier>
                <entityIdentifier>
                    <id>512</id>
                    <name>PRC_Exercise_Process</name>
                    <type>PROCESS</type>
                </entityIdentifier>
            </entityReferences>
        </entity>
        <entity>
            <entityIdentifier>
                <id>415</id>
                <name>PRC_Excel_TC_Trigger</name>
                <type>TRIGGERCONF</type>
            </entityIdentifier>
            <entityReferences/>
        </entity>
        <entity>
            <entityIdentifier>
                <id>1036</id>
                <name>PRC_Excel_TC_Map</name>
                <type>TM_MAP</type>
            </entityIdentifier>
            <entityReferences/>
        </entity>
        <entity>
            <entityIdentifier>
                <id>493</id>
                <name>PRC_hello_world_process</name>
                <type>PROCESS</type>
            </entityIdentifier>
            <entityReferences>
                <entityIdentifier>
                    <id>247</id>
                    <name>PRC_hello_world_trigger</name>
                    <type>TRIGGERCONF</type>
                </entityIdentifier>
            </entityReferences>
        </entity>
        <entity>
            <entityIdentifier>
                <id>997</id>
                <name>PRC_m3_Update_Map</name>
                <type>TM_MAP</type>
            </entityIdentifier>
            <entityReferences/>
        </entity>
        <entity>
            <entityIdentifier>
                <id>1024</id>
                <name>PRC_part_partrev_textfile_to_tc_Map</name>
                <type>TM_MAP</type>
            </entityIdentifier>
            <entityReferences/>
        </entity>
        <entity>
            <entityIdentifier>
                <id>648</id>
                <name>PRC_m2_part_partrev_textfile_to_json_Process</name>
                <type>PROCESS</type>
            </entityIdentifier>
            <entityReferences>
                <entityIdentifier>
                    <id>372</id>
                    <name>PRC_m2_part_partrev_textfile_to_json_Process_JS_Trigger</name>
                    <type>TRIGGERCONF</type>
                </entityIdentifier>
                <entityIdentifier>
                    <id>986</id>
                    <name>PRC_m2_part_partrev_textfile_to_json_Map</name>
                    <type>TM_MAP</type>
                </entityIdentifier>
            </entityReferences>
        </entity>
        <entity>
            <entityIdentifier>
                <id>930</id>
                <name>PRC_m2_part_partrev_textfile_to_json_model</name>
                <type>TM_MAP</type>
            </entityIdentifier>
            <entityReferences/>
        </entity>
        <entity>
            <entityIdentifier>
                <id>624</id>
                <name>PRC_m2_Samplepart_Odata_Process</name>
                <type>PROCESS</type>
            </entityIdentifier>
            <entityReferences/>
        </entity>
        <entity>
            <entityIdentifier>
                <id>293</id>
                <name>PRC_m1_docs_excel_to_db_explicit_rel_trigger</name>
                <type>TRIGGERCONF</type>
            </entityIdentifier>
            <entityReferences/>
        </entity>
        <entity>
            <entityIdentifier>
                <id>515</id>
                <name>PRC_m1_reqmnt_excel_to_db_Process</name>
                <type>PROCESS</type>
            </entityIdentifier>
            <entityReferences>
                <entityIdentifier>
                    <id>769</id>
                    <name>PRC_m1_reqmnt_excel_to_db_Map</name>
                    <type>TM_MAP</type>
                </entityIdentifier>
                <entityIdentifier>
                    <id>273</id>
                    <name>PRC_m1_reqmnt_excel_to_db_trigger</name>
                    <type>TRIGGERCONF</type>
                </entityIdentifier>
            </entityReferences>
        </entity>
        <entity>
            <entityIdentifier>
                <id>551</id>
                <name>PRC_m1_docs_excel_to_db_explicit_rel_Process</name>
                <type>PROCESS</type>
            </entityIdentifier>
            <entityReferences>
                <entityIdentifier>
                    <id>819</id>
                    <name>PRC_m1_docs_excel_to_db_explicit_rel_Map</name>
                    <type>TM_MAP</type>
                </entityIdentifier>
                <entityIdentifier>
                    <id>293</id>
                    <name>PRC_m1_docs_excel_to_db_explicit_rel_trigger</name>
                    <type>TRIGGERCONF</type>
                </entityIdentifier>
            </entityReferences>
        </entity>
        <entity>
            <entityIdentifier>
                <id>273</id>
                <name>PRC_m1_reqmnt_excel_to_db_trigger</name>
                <type>TRIGGERCONF</type>
            </entityIdentifier>
            <entityReferences/>
        </entity>
        <entity>
            <entityIdentifier>
                <id>1823</id>
                <name>PRC_m2_part_textfile_to_json_model_rest_api</name>
                <type>SERVICE_MAPPING</type>
            </entityIdentifier>
            <entityReferences>
                <entityIdentifier>
                    <id>968</id>
                    <name>PRC_m2_Samplepart_Odata_json_Model</name>
                    <type>TM_MAP</type>
                </entityIdentifier>
                <entityIdentifier>
                    <id>648</id>
                    <name>PRC_m2_part_partrev_textfile_to_json_Process</name>
                    <type>PROCESS</type>
                </entityIdentifier>
            </entityReferences>
        </entity>
        <entity>
            <entityIdentifier>
                <id>879</id>
                <name>PRC_m1_db_excel_part_material_view_Map</name>
                <type>TM_MAP</type>
            </entityIdentifier>
            <entityReferences/>
        </entity>
        <entity>
            <entityIdentifier>
                <id>247</id>
                <name>PRC_hello_world_trigger</name>
                <type>TRIGGERCONF</type>
            </entityIdentifier>
            <entityReferences/>
        </entity>
        <entity>
            <entityIdentifier>
                <id>1114</id>
                <name>PRC_OData_TC_JSON_Model</name>
                <type>TM_MAP</type>
            </entityIdentifier>
            <entityReferences/>
        </entity>
        <entity>
            <entityIdentifier>
                <id>1079</id>
                <name>ODATA_json</name>
                <type>TM_MAP</type>
            </entityIdentifier>
            <entityReferences/>
        </entity>
        <entity>
            <entityIdentifier>
                <id>769</id>
                <name>PRC_m1_reqmnt_excel_to_db_Map</name>
                <type>TM_MAP</type>
            </entityIdentifier>
            <entityReferences/>
        </entity>
        <entity>
            <entityIdentifier>
                <id>662</id>
                <name>PRC_m3_Update_Process</name>
                <type>PROCESS</type>
            </entityIdentifier>
            <entityReferences>
                <entityIdentifier>
                    <id>387</id>
                    <name>PRC_m3_Update_Trigger</name>
                    <type>TRIGGERCONF</type>
                </entityIdentifier>
                <entityIdentifier>
                    <id>997</id>
                    <name>PRC_m3_Update_Map</name>
                    <type>TM_MAP</type>
                </entityIdentifier>
            </entityReferences>
        </entity>
        <entity>
            <entityIdentifier>
                <id>449</id>
                <name>PRC_Release_Revise_Trigger</name>
                <type>TRIGGERCONF</type>
            </entityIdentifier>
            <entityReferences/>
        </entity>
        <entity>
            <entityIdentifier>
                <id>968</id>
                <name>PRC_m2_Samplepart_Odata_json_Model</name>
                <type>TM_MAP</type>
            </entityIdentifier>
            <entityReferences/>
        </entity>
        <entity>
            <entityIdentifier>
                <id>690</id>
                <name>PRC_Excel_TC_Process</name>
                <type>PROCESS</type>
            </entityIdentifier>
            <entityReferences>
                <entityIdentifier>
                    <id>415</id>
                    <name>PRC_Excel_TC_Trigger</name>
                    <type>TRIGGERCONF</type>
                </entityIdentifier>
                <entityIdentifier>
                    <id>1036</id>
                    <name>PRC_Excel_TC_Map</name>
                    <type>TM_MAP</type>
                </entityIdentifier>
            </entityReferences>
        </entity>
        <entity>
            <entityIdentifier>
                <id>1137</id>
                <name>PRC_Revise_Map</name>
                <type>TM_MAP</type>
            </entityIdentifier>
            <entityReferences/>
        </entity>
        <entity>
            <entityIdentifier>
                <id>607</id>
                <name>PRC_m1_db_excel_part_material_view_Process</name>
                <type>PROCESS</type>
            </entityIdentifier>
            <entityReferences>
                <entityIdentifier>
                    <id>30</id>
                    <name>PRC_m1_db_excel_part_material_view</name>
                    <type>VIEW</type>
                </entityIdentifier>
                <entityIdentifier>
                    <id>336</id>
                    <name>PRC_m1_db_excel_part_material_view_trigger</name>
                    <type>TRIGGERCONF</type>
                </entityIdentifier>
                <entityIdentifier>
                    <id>879</id>
                    <name>PRC_m1_db_excel_part_material_view_Map</name>
                    <type>TM_MAP</type>
                </entityIdentifier>
            </entityReferences>
        </entity>
        <entity>
            <entityIdentifier>
                <id>969</id>
                <name>PRC_m2_txt_to_json_map</name>
                <type>TM_MAP</type>
            </entityIdentifier>
            <entityReferences/>
        </entity>
        <entity>
            <entityIdentifier>
                <id>819</id>
                <name>PRC_m1_docs_excel_to_db_explicit_rel_Map</name>
                <type>TM_MAP</type>
            </entityIdentifier>
            <entityReferences/>
        </entity>
        <entity>
            <entityIdentifier>
                <id>2066</id>
                <name>OData_Json</name>
                <type>SERVICE_MAPPING</type>
            </entityIdentifier>
            <entityReferences>
                <entityIdentifier>
                    <id>1079</id>
                    <name>ODATA_json</name>
                    <type>TM_MAP</type>
                </entityIdentifier>
                <entityIdentifier>
                    <id>710</id>
                    <name>ODATA_json_Process</name>
                    <type>PROCESS</type>
                </entityIdentifier>
            </entityReferences>
        </entity>
        <entity>
            <entityIdentifier>
                <id>317</id>
                <name>PRC_m1_parts_error_handling_trigger</name>
                <type>TRIGGERCONF</type>
            </entityIdentifier>
            <entityReferences/>
        </entity>
        <entity>
            <entityIdentifier>
                <id>986</id>
                <name>PRC_m2_part_partrev_textfile_to_json_Map</name>
                <type>TM_MAP</type>
            </entityIdentifier>
            <entityReferences/>
        </entity>
        <entity>
            <entityIdentifier>
                <id>301</id>
                <name>PRC_m1_docs_excel_to_db_update_title_trigger</name>
                <type>TRIGGERCONF</type>
            </entityIdentifier>
            <entityReferences/>
        </entity>
        <entity>
            <entityIdentifier>
                <id>618</id>
                <name>PRC_m2_txt_to_json_model_process</name>
                <type>PROCESS</type>
            </entityIdentifier>
            <entityReferences>
                <entityIdentifier>
                    <id>969</id>
                    <name>PRC_m2_txt_to_json_map</name>
                    <type>TM_MAP</type>
                </entityIdentifier>
            </entityReferences>
        </entity>
        <entity>
            <entityIdentifier>
                <id>574</id>
                <name>PRC_m1_parts_error_handling_Process</name>
                <type>PROCESS</type>
            </entityIdentifier>
            <entityReferences>
                <entityIdentifier>
                    <id>843</id>
                    <name>PRC_m1_parts_error_handling_Map</name>
                    <type>TM_MAP</type>
                </entityIdentifier>
                <entityIdentifier>
                    <id>317</id>
                    <name>PRC_m1_parts_error_handling_trigger</name>
                    <type>TRIGGERCONF</type>
                </entityIdentifier>
            </entityReferences>
        </entity>
        <entity>
            <entityIdentifier>
                <id>728</id>
                <name>PRC_Release_Revise_Process</name>
                <type>PROCESS</type>
            </entityIdentifier>
            <entityReferences>
                <entityIdentifier>
                    <id>1122</id>
                    <name>PRC_Release_Revise_Map</name>
                    <type>TM_MAP</type>
                </entityIdentifier>
                <entityIdentifier>
                    <id>449</id>
                    <name>PRC_Release_Revise_Trigger</name>
                    <type>TRIGGERCONF</type>
                </entityIdentifier>
                <entityIdentifier>
                    <id>2</id>
                    <name>Text connection</name>
                    <type>MODEL</type>
                </entityIdentifier>
                <entityIdentifier>
                    <id>1137</id>
                    <name>PRC_Revise_Map</name>
                    <type>TM_MAP</type>
                </entityIdentifier>
            </entityReferences>
        </entity>
        <entity>
            <entityIdentifier>
                <id>512</id>
                <name>PRC_Exercise_Process</name>
                <type>PROCESS</type>
            </entityIdentifier>
            <entityReferences/>
        </entity>
    </entities>
</Export>
