<?xml version="1.0" encoding="UTF-8"?><Export type="BASIC_MD">
  <WEBSERVICECONFIGURATIONS/>
  <QUEUES/>
  <WSMAPPINGCATEGORY>
    <WSMAPPINGCATEGORY>
      <ID>2</ID>
      <NAME>Default</NAME>
    </WSMAPPINGCATEGORY>
  </WSMAPPINGCATEGORY>
  <ROLES/>
  <WSINVOKESOAPCONF/>
  <PROCESSCATEGORY>
    <PROCESSCATEGORY>
      <ID>1</ID>
      <NAME>Default</NAME>
    </PROCESSCATEGORY>
  </PROCESSCATEGORY>
  <CHANNELS>
    <CHANNEL>
      <ID>4</ID>
      <NAME>APIGateway_HTTPChannel</NAME>
    </CHANNEL>
  </CHANNELS>
  <PROCESSES>
    <PROCESS>
      <ID>648</ID>
      <NAME>PRC_m2_part_partrev_textfile_to_json_Process</NAME>
      <VERSION>1.0.0</VERSION>
    </PROCESS>
  </PROCESSES>
  <GATEWAYS>
    <GATEWAY>
      <ID>3</ID>
      <NAME>APIGateway</NAME>
    </GATEWAY>
  </GATEWAYS>
  <CONNECTIONS>
    <CONNECTION>
      <ID>2</ID>
      <NAME>Text connection</NAME>
    </CONNECTION>
  </CONNECTIONS>
  <WSINVOKERESTCONF/>
</Export>
