<?xml version="1.0" encoding="UTF-8" standalone="yes"?>
<Export type="METAINFO" version="eQube®-MI  6.0.1">
    <entities>
        <entity>
            <entityIdentifier>
                <id>1823</id>
                <name>PRC_m2_part_textfile_to_json_model_rest_api</name>
                <type>SERVICE_MAPPING</type>
            </entityIdentifier>
            <entityReferences>
                <entityIdentifier>
                    <id>648</id>
                    <name>PRC_m2_part_partrev_textfile_to_json_Process</name>
                    <type>PROCESS</type>
                </entityIdentifier>
                <entityIdentifier>
                    <id>968</id>
                    <name>PRC_m2_Samplepart_Odata_json_Model</name>
                    <type>TM_MAP</type>
                </entityIdentifier>
            </entityReferences>
        </entity>
        <entity>
            <entityIdentifier>
                <id>648</id>
                <name>PRC_m2_part_partrev_textfile_to_json_Process</name>
                <type>PROCESS</type>
            </entityIdentifier>
            <entityReferences>
                <entityIdentifier>
                    <id>372</id>
                    <name>PRC_m2_part_partrev_textfile_to_json_Process_JS_Trigger</name>
                    <type>TRIGGERCONF</type>
                </entityIdentifier>
                <entityIdentifier>
                    <id>965</id>
                    <name>PRC_m2_part_partrev_textfile_to_json_Map</name>
                    <type>TM_MAP</type>
                </entityIdentifier>
            </entityReferences>
        </entity>
        <entity>
            <entityIdentifier>
                <name>Root</name>
            </entityIdentifier>
            <entityReferences>
                <entityIdentifier>
                    <id>1823</id>
                    <name>PRC_m2_part_textfile_to_json_model_rest_api</name>
                    <type>SERVICE_MAPPING</type>
                </entityIdentifier>
            </entityReferences>
        </entity>
        <entity>
            <entityIdentifier>
                <id>372</id>
                <name>PRC_m2_part_partrev_textfile_to_json_Process_JS_Trigger</name>
                <type>TRIGGERCONF</type>
            </entityIdentifier>
            <entityReferences/>
        </entity>
        <entity>
            <entityIdentifier>
                <id>968</id>
                <name>PRC_m2_Samplepart_Odata_json_Model</name>
                <type>TM_MAP</type>
            </entityIdentifier>
            <entityReferences/>
        </entity>
        <entity>
            <entityIdentifier>
                <id>965</id>
                <name>PRC_m2_part_partrev_textfile_to_json_Map</name>
                <type>TM_MAP</type>
            </entityIdentifier>
            <entityReferences/>
        </entity>
    </entities>
</Export>
